
{
  "uclv-profile": {
    "data": {
      "type": "uclv-profile",
      "cookie": "ENC_670fcfa8_40_íBBA`Ñ:Ñ))/BLOéáéiWvEéyCiL/HW)?ILCÉ[I7%C",
      "clientID": "587820",
      "token": "",
      "repoID": "4",
      "index": "1",
      "createdAt": 1758490144494
    },
    "timestamp": 1758654709.7867823
  },
  "ares": {
    "data": {
      "type": "ares",
      "cookie": "oc6bl3nmmgyx=o6t6po9a9kp6dmke5pppmrggsb; oc_sessionPassphrase=nGIDvXaJgnk6J58suHYxzx%2BH2nmpUnofFBnTJJkzWpxLVZ8%2BZCgDxaSAoNKUr4MqkZcIUPvEPQL5vlUvAy0oOrgRiguRzXk%2FrfBsA8PI7GR%2BV%2F9ImxelG1QBvtwMAdBn; __Host-nc_sameSiteCookielax=true; __Host-nc_sameSiteCookiestrict=true",
      "clientID": null,
      "index": "11",
      "createdAt": 1758490258440,
      "updatedAt": 1758643562946
    },
    "timestamp": 1758654709.7867823
  },
  "fenix": {
    "data": {
      "type": "fenix",
      "cookie": "ENC_9061e716_84_G))(DQvQkkB);.()>fEk)--AC0h0BBBp;0SCpkBie G22n,Ú^nS3.í1saSí1s&qí1saÚ=í1sÚqí1sq&í1s0Ü",
      "clientID": "21619",
      "token": "",
      "repoID": "5",
      "index": "3",
      "createdAt": 1758490151225,
      "updatedAt": 1758625911317
    },
    "timestamp": 1758654709.7867823
  },
  "hera": {
    "data": {
      "type": "hera",
      "cookie": "ENC_670fcfa8_40_íBBA`Ñ:Ñ))/BLOéáéiWvEéyCiL/HW)?ILCÉ[I7%C",
      "clientID": "587820",
      "token": "",
      "repoID": "4",
      "index": "2",
      "createdAt": 1758490144496
    },
    "timestamp": 1758654709.7867823
  },
  "cronos": {
    "data": {
      "type": "cronos",
      "cookie": "ENC_bb1fcfdb_78_A$$#xKpKeev$={)m>j_G|ex%&0$v$c%0M7G&GzvUÑ AWWh]ñ9hMX{?Vmk7?VmÁM?VmÁk?VmM}?Vm0!",
      "clientID": "358815",
      "token": "ENC_edea5ada_32_)Zs)gúqan&4Zq;Zü&aq&s}úqgü6;Zü}ú",
      "repoID": "3",
      "index": "4",
      "createdAt": 1758490157215,
      "updatedAt": 1758641627868
    },
    "timestamp": 1758654709.7867823
  },
  "hades": {
    "data": {
      "type": "hades",
      "cookie": "ENC_fdaa750c_76_y@@!vInIcct@+[5%Í5KuYSúh!uuhTÚ5Sk!shSTYISSY!IÚÓ yUUf=ó7fKV[0<Tküó<Tkó8<TkTñÑ",
      "clientID": "49655",
      "token": "ENC_5abe034e_32_4a6úwZb)}}sn6&4nn&qbgbZZ&4&q&)&s",
      "repoID": "4",
      "index": "5",
      "createdAt": 1758490163480
    },
    "timestamp": 1758654709.7867823
  },
  "apolo": {
    "data": {
      "type": "apolo",
      "cookie": "ENC_13b15a13_74_w998tGlGaar9)-í:9Gf)#Ú3[#viCr6qÚítíq8[Ñ8É wSSd+é5dIT-,Riéd,RiQg1,Rid6,RiWú",
      "clientID": "0",
      "token": "ENC_a4790af8_32_üsgbs}&}6)gwü&;sggb4q)núü)nZü4úb",
      "repoID": "5",
      "index": "6",
      "createdAt": 1758490169812
    },
    "timestamp": 1758654709.7867823
  },
  "hestia": {
    "data": {
      "type": "hestia",
      "cookie": "ENC_2e9d191c_89_L[[=IVAVppG[>~@,[}(6]+VKiVG;[,5]xK(ük+F=j L77s/c_sX8~Á6x6XÁ6xxvÁ6xexÁ6xcxRÁ6x6+Á6xc@Á6xev",
      "clientID": "2797",
      "token": "ENC_e0b91ab8_32_;gwúq;üga;&ZZúúbag)ws4g}üa)&nn)q",
      "repoID": "4",
      "index": "10",
      "createdAt": 1758490194354,
      "updatedAt": 1758621207054
    },
    "timestamp": 1758654709.7867823
  },
  "hefesto": {
    "data": {
      "type": "hefesto",
      "cookie": "ENC_8c8d496f_74_w998tGlGaar9)-[íí9[!Á^uÚWt:rq:Guaa!f6C^:É wSSd+é5dIT-,RiW#,Ri=3P,Ri6Q,RiQR",
      "clientID": "108034",
      "token": "",
      "repoID": "5",
      "index": "8",
      "createdAt": 1758490180728,
      "updatedAt": 1758624851361
    },
    "timestamp": 1758654709.7867823
  },
  "atenea": {
    "data": {
      "type": "atenea",
      "cookie": "ENC_af265d84_78_A$$#xKpKeev$={j!yKmÚv)7$($j(%>w%>vy_Mm)eÑ AWWh]ñ9hMX{?VmÉ7?Vm}ñ?VmñÉ?VmVw?VmÁ!",
      "clientID": "12968",
      "token": "ENC_9a839bf0_32_)qsügn};6}6}búü4}ú;&Züú&bsw}g4a6",
      "repoID": "4",
      "index": "9",
      "createdAt": 1758490187559
    },
    "timestamp": 1758654709.7867823
  },
  "isis": {
    "data": {
      "type": "isis",
      "cookie": "ENC_58629d96_78_A$$#xKpKeev$={)m$G&xj!üuMU==|üÜv$uVvx|7jÑ AWWh]ñ9hMX{?VmÁj?VmñM?VmñÁ?VmÉk?Vm&U",
      "clientID": "42196",
      "token": "ENC_ae8edb40_32_}gü4n;)ü))Z;ssn&ú});sb}bqúbúúgZú",
      "repoID": "5",
      "index": "12",
      "createdAt": 1758553958372
    },
    "timestamp": 1758654709.7867823
  },
  "zeus": {
    "data": {
      "type": "zeus",
      "cookie": "ENC_69ce9cac_97_.l&x3xxO.ó9NxxS~ÉNx3üOF?mÁáxq~b%Áqb%ÁfdSd%Óakú3b%Án0Z5S<)3l[qdPq3/S1Ht`yfÓtb%m+0t{#[*%yxFuSóú$Óx5núC|alÓ)`Hd|á;Db%mmT/óOf;ñ*|l+1s?~`Nq)[Pb%Á^0/n#0yÁq|ÓReDb%ÁmAx)ÓIr &&Ó.x`:ól&xNR3IO`3D..uO3QN@ü`Éá3r &&Ó.x`:ól&xNR3IO`3D..uO3x`ÉOl`ü`Éá3r .l,%)qqRsáCNü3~`?lF;QÉF~{PQFFvQCFuNsqlqr ól&áx3ÉóNR3üNxO3QjQ3RNZó3b?$3x`á,ONó`3xjqQ3@já~jlár ól&`.u3óükQR/IN0$P3á[{^|m?1{mAóDÓÉ;ÁÓuákÉr ól&x3xxO.ó&O,ü3~`?lF;QÉF~{PQFFvQCFuNsqlq",
      "clientID": null,
      "index": "13",
      "createdAt": 1758641931717
    },
    "timestamp": 1758654709.7867823
  }
}